Country,Code,Region,1990_ghg,1991_ghg,1992_ghg,1993_ghg,1994_ghg,1995_ghg,1996_ghg,1997_ghg,1998_ghg,1999_ghg,2000_ghg,2001_ghg,2002_ghg,2003_ghg,2004_ghg,2005_ghg,2006_ghg,2007_ghg,2008_ghg,2009_ghg,2010_ghg,2011_ghg,2012_ghg,2013_ghg,2014_ghg,2015_ghg,2016_ghg,2017_ghg,2018_ghg,2019_ghg,2020_ghg,1990_gdp,1991_gdp,1992_gdp,1993_gdp,1994_gdp,1995_gdp,1996_gdp,1997_gdp,1998_gdp,1999_gdp,2000_gdp,2001_gdp,2002_gdp,2003_gdp,2004_gdp,2005_gdp,2006_gdp,2007_gdp,2008_gdp,2009_gdp,2010_gdp,2011_gdp,2012_gdp,2013_gdp,2014_gdp,2015_gdp,2016_gdp,2017_gdp,2018_gdp,2019_gdp,2020_gdp,Status
Argentina,ARG,SouthAmerica,220240.77,230413.76,234122.38,239560.14,243598.69,244499.37,256463.93,258303.62,262725.06,264637.84,280308.99,276902.6,269315.64,286381.63,298167.36,307492.67,321462.03,335854.13,331802.17,322554.23,300695.19,310314.53,310670.24,321011.89,322554.61,322554.61,322554.61,322554.61,322554.61,322554.61,322554.61,141352368714.691,189719984268.485,228788617201.696,236741715015.015,257440000000.0,258031750000.0,272149750000.0,292859000000.0,298948250000.0,283523000000.0,284203750000.0,268696750000.0,97724004251.8602,127586973492.177,164657930452.787,198737095012.282,232557260817.308,287530508430.568,361558037110.419,332976484577.619,423627422092.49,530163281574.658,545982375701.128,552025140252.246,526319673731.638,594749285413.212,557531376217.967,643628665302.155,524819742918.669,451932356085.842,389288056265.325,Developing
Australia,AUS,Oceania,438056.76,438049.29,441752.18,442282.48,442610.56,451076.46,457574.99,469835.69,484037.12,489971.16,501588.99,509456.08,513171.01,511714.21,528827.43,535589.76,540017.78,546739.52,549128.82,552127.35,547172.76,549007.35,552305.55,543798.68,535451.44,544231.81,552354.83,559581.11,560827.41,555244.93,536739.72,311326664101.578,325902990346.127,325480273782.973,312126194491.287,322807333102.733,367915800415.8,401089529590.288,435323994365.315,399404463135.047,389098884572.001,415576210513.094,379083932596.329,395342716617.832,467390797903.32,614166310997.297,695075176665.163,747556154537.287,853955405511.502,1055127126230.98,928042998085.702,1147589183475.73,1397907916789.9,1546508558465.66,1576335282651.07,1467504819608.92,1350534154255.76,1206685107002.47,1326882872011.46,1428529571351.06,1391952510370.48,1327836171068.51,Developed
Austria,AUT,WesternEurope,79047.23,82711.16,76142.81,76517.86,76725.97,79953.24,83112.93,82719.63,82012.9,80455.15,80619.36,84514.05,86267.54,91636.3,91427.9,92588.58,90158.67,87377.95,86770.82,80137.03,84693.29,82505.76,79788.32,80228.52,76662.66,78884.46,79821.26,82132.49,78854.37,79994.14,73910.84,166463386179.354,173794177961.108,195078126721.763,190379720809.18,203535242741.838,241038283062.645,237250948791.266,212790348404.555,218259904401.956,217185787342.851,196799778883.361,197337879194.631,213377771503.858,261695778781.038,300904221504.842,315974418604.651,335998557270.104,388691445387.353,430294287388.311,400172297860.517,391892746544.69,431120310088.82,409425234155.263,430068712971.867,441996131736.508,381817565893.574,395568644341.038,416230497429.163,454945881027.378,445011872704.47,433258467676.515,Developed
Belarus,BLR,EasternEurope,145339.89,139713.44,126031.22,112296.43,96343.45,87955.99,88760.16,89022.1,87757.93,84261.45,81145.92,79825.86,79125.28,80871.08,84545.8,86538.4,89856.62,88250.97,91672.82,89716.11,91884.27,91314.47,92432.61,94456.41,93371.44,88307.46,87563.3,89247.6,92202.41,92291.63,89940.28,21650000000.0,20685750000.0,19721500000.0,18757250000.0,17793000000.0,13489222222.2222,14756846153.8462,14108846153.8462,15264369565.2174,12152867469.8795,12738912133.8912,12354820143.8849,14594249022.8922,17827791321.3067,23144351851.8519,30207567316.6202,36954312354.3124,45277399813.6067,60763483146.0674,50874078052.2735,57222490768.7143,61757788944.7236,65685102554.8759,75527984234.2342,78813839984.3506,56454734396.5842,47722657820.6675,54726595249.1849,60031262269.3365,64409647193.8044,60258239055.5829,Developing
Belgium,BEL,WesternEurope,145844.47,148579.58,148077.75,146896.93,151445.45,153579.82,157227.95,148820.67,154012.89,147732.82,148877.33,147319.08,147415.07,147731.49,148523.92,145418.35,142715.6,139090.79,139030.91,126438.52,133644.3,123192.99,120443.61,120523.72,114878.85,118990.38,117419.57,116909.24,117584.92,116463.71,107272.65,205331747947.851,210510999409.333,234781652446.675,224721795708.955,244884129491.198,288025588396.278,279201433224.756,252708051420.839,258528339631.029,258158533986.789,236204532891.1,236541297539.15,257157820440.429,317381715575.621,368537000248.324,385570948886.954,407918078032.869,470324254037.777,515223524241.98,481345929424.84,480951629493.033,522645519183.591,496181260258.3,521642714407.843,534678075827.361,462149679343.822,475739588764.759,501522868356.441,543008499294.079,535288715239.999,521861292586.616,Developed
Brazil,BRA,SouthAmerica,552640.82,574601.49,583848.35,596099.4,613905.5,638769.9,643708.82,668029.6,685872.35,702927.57,725162.14,744084.15,760963.1,778785.71,815887.21,830176.87,837355.38,843618.61,872592.78,858585.47,921055.1,954163.29,985944.61,1030985.67,1062897.04,1041676.99,1014702.38,1014702.38,1014702.38,1014702.38,1014702.38,390725626002.866,342609227209.645,328187944300.908,368295777770.079,525369851353.742,769333330368.987,850426433004.077,883206452795.124,863711007325.493,599642075004.471,655448188259.351,559983704094.17,509795270685.19,558233724164.711,669289321944.516,891633826603.377,1107626711406.63,1397114247331.17,1695855391810.9,1666996294372.87,2208838108577.09,2616156606666.62,2465228293894.01,2472819362216.69,2456043766028.73,1802211999538.68,1795693265810.23,2063514688761.98,1916933708381.89,1877824273720.78,1444733258971.65,Developing
Bulgaria,BGR,EasternEurope,98910.34,80843.22,75325.92,74663.95,70605.27,72168.36,72615.15,69401.56,65356.79,58274.21,57387.46,60267.18,57719.88,62658.87,61760.58,62364.32,63088.4,67006.24,65624.98,56758.6,59383.17,64728.48,59675.72,54453.7,57529.02,60421.4,57773.56,59715.84,55361.84,53942.12,47984.62,20632090909.0909,10943548387.0968,10350515463.9175,10829710144.9275,9697416974.16974,18983303571.4286,12294221472.7375,11315986087.1633,15030695296.5235,13627323284.5405,13245833843.5454,14183497963.1071,16402846413.0958,21144983551.6823,26157894736.8421,29869283400.0381,34379808888.6039,44405101469.5591,54438966419.8639,52023504656.2878,50682061053.2016,57678241023.818,54300857424.4415,55810138436.4821,57082011260.3446,50781996712.7635,53953897624.4344,59199447421.4924,66363422450.2112,68915416141.9576,69889347433.4324,Developed
Canada,CAN,NorthernAmerica,588602.82,582031.22,599242.66,601743.65,621934.13,639070.29,660767.8,676394.22,682434.83,694516.94,719463.71,710171.84,715489.77,734140.55,736725.46,732220.09,725289.22,748070.09,730801.24,689549.32,701867.55,711312.82,716370.5,723096.3,720195.46,722918.27,704927.87,712233.8,724615.78,723679.29,658788.39,593929550908.468,610328183643.188,592387689252.916,577170761956.438,578139279437.61,604031623433.401,628546387972.131,654986999855.554,634000000000.0,678412196271.118,744773415931.587,738981792355.372,760649334098.005,895540646634.787,1026690238278.25,1173108598778.68,1319264809590.97,1468820407783.26,1552989690721.65,1374625142157.29,1617343367486.26,1793326630174.52,1828366481521.6,1846597421834.98,1805749878439.94,1556508816217.14,1527994741907.43,1649265644244.09,1725329192783.02,1742015045482.31,1645423407568.36,Developing
Chile,CHL,SouthAmerica,48818.658,47107.515,49071.29,51773.056,54516.641,57660.904,63314.629,69817.157,70882.57,73877.953,71498.722,69957.328,71151.195,72184.527,77731.876,78763.596,80679.04,89995.746,90161.331,86931.962,86969.651,95615.734,101067.244,100438.191,96796.595,103039.023,107545.474,108024.605,109460.806,111026.595,105551.915,33113887817.9731,37834793730.3133,45964327558.8836,49297773130.1185,57008425295.8256,73447063319.3034,78039572221.6024,84952360922.4958,81577430181.4602,75173794497.0494,77860932151.9302,70979923960.3422,69736811435.1319,75643459839.5605,99210392857.6283,122964812046.139,154788024805.865,173605968179.267,179638496278.497,172389498444.68,218537551220.123,252251992029.518,267122320056.772,278384332694.3,260541637327.855,243919079437.422,250440149690.846,277034675515.684,297571693064.193,279385487344.492,252940023046.007,Developing
China (People's Republic of),CHN,EasternAsia,4057617.0,4057617.0,4057617.0,4057617.0,4057617.0,4417379.090909091,4777141.181818182,5136903.2727272725,5496665.363636363,5856427.454545454,6216189.545454545,6575951.636363637,6935713.727272727,7295475.818181818,7655237.909090908,8015000.0,8520666.2,9026332.4,9531998.6,10037664.8,10543331.0,11219548.0,11895765.0,12097982.5,12300200.0,12300200.0,12300200.0,12300200.0,12300200.0,12300200.0,12300200.0,360857912565.966,383373318083.624,426915712715.856,444731282435.515,564324670008.238,734547898224.101,863746717507.397,961603952954.233,1029043097558.91,1093997267277.1,1211346869600.41,1339395718862.89,1470550015077.93,1660287965663.89,1955347004965.69,2285965892364.2,2752131773358.92,3550342737009.53,4594307032667.98,5101703073088.97,6087163874510.73,7551500124197.17,8532229986993.65,9570406235659.64,10475682920597.7,11061553079871.5,11233276536744.7,12310409370894.2,13894817549380.3,14279937467431.0,14722730697890.1,Developing
Colombia,COL,SouthAmerica,101878.75,104424.76,109571.27,111662.29,113044.86,115599.56,117221.56,123168.8,123130.08,117878.85,120643.72,119766.76,120091.27,124665.55,127551.86,132469.34,136731.4,139037.59,140123.04,145672.9,155060.42,154098.61,157725.86,162655.74,165839.29,170637.07,175628.86,171035.5,180727.24,180727.24,180727.24,47844090709.9908,49175565911.0655,58418985443.3172,66446804802.5747,81703500846.0364,92507279383.0387,97160109277.8087,106659508271.255,98443739941.1664,86186158684.7685,99886577330.7271,98211749595.5442,97963003804.7851,94641378693.223,117081522349.677,145619191582.062,161618581266.316,206181826825.281,242186950900.775,232397835678.336,286563105192.457,334943871931.746,370921320483.842,382116126448.555,381112119657.446,293481748240.779,282825009887.458,311883730690.129,334198214706.209,323429888934.257,271437596293.843,Developing
Costa Rica,CRI,CentralAmerica,8196.56,8056.64,8797.32,8892.5,9622.28,9693.6,9562.84,9272.53,9811.83,9951.7,9945.75,10292.0,10518.51,10892.97,10924.16,11196.01,11817.56,12678.7,12709.38,12534.57,12895.96,13284.87,13405.56,13735.74,13850.14,13603.64,14234.46,14477.6,14477.6,14477.6,14477.6,5711687786.75989,7196276092.46876,8564044016.95735,9582866263.46284,10486784804.7265,11578594260.0813,11678424507.3634,12614602382.3564,13684255946.6922,14254866281.0572,15013629658.5671,15976174337.0471,16578820687.2209,17271760507.042,18610594846.3082,20040642476.8988,22715540324.3149,26884700345.1044,30801744881.0236,30745712006.5238,37658614803.2919,42762617081.6142,47231651862.8224,50949672205.8222,52016408950.8398,56441917653.0156,58847016044.8244,60516043590.1924,62420165099.7301,64072870931.603,61846895120.7808,Developing
Croatia,HRV,SouthernEurope,31454.18,24818.23,22932.57,22930.42,22015.02,22686.43,23180.05,24543.05,24667.91,25955.21,25653.65,26840.69,27906.89,29369.44,29386.45,29876.44,30283.88,31720.87,30767.54,28577.64,28171.06,27868.67,26113.1,24890.09,24157.18,24611.05,24833.94,25709.31,24600.99,24799.39,23906.82,22717081924.7143,22717081924.7143,22717081924.7143,22717081924.7143,22717081924.7143,22717081924.7143,24075166261.3779,24091170702.5562,25792876643.5087,23677307509.4663,21839780971.0268,23273640257.1968,27074550257.8118,34985749883.4171,41958833541.0995,45780237257.1867,50860788253.2176,60542673502.5324,70750646248.0563,63084004705.0807,60426018629.2992,63169910822.1285,57192346923.335,58889082315.336,58330289756.6914,50163192883.1515,52295158344.2544,56214427431.2,62247874948.8225,62246206340.5469,57203783203.0259,Developed
Cyprus,CYP,WesternAsia,5571.73,6076.35,6513.67,6800.58,7057.37,6972.18,7345.03,7439.03,7754.9,8032.29,8306.44,8247.75,8482.31,8874.12,9077.63,9222.44,9470.49,9803.65,10025.4,9789.98,9455.87,9158.46,8624.68,7920.23,8294.92,8343.27,8790.12,8966.07,8821.2,8891.62,8502.86,5591130217.66965,5770197348.48485,6912150456.32334,6590291048.29211,7425703928.57143,9933133247.08926,10011918444.1656,9547818700.11403,10248617647.0588,10497908306.3646,9985844486.33365,10397897085.6102,11420227884.6154,14547325028.3126,17320552500.0,18433411267.2553,20072786350.5206,23968764029.5647,27844698989.3072,25945391775.4932,25732432719.0773,27565469097.9955,24978513426.6992,23900872625.8467,23156850006.6427,19842404304.8929,20953442550.3653,22870833709.8961,25522671232.8767,25758357774.5438,24612646487.7213,Developed
Czech Republic,CZE,EasternEurope,198775.27,180859.67,175034.85,168323.67,159410.64,158371.95,161709.65,157200.37,151034.59,141062.01,151139.21,150760.15,146965.75,150152.89,151009.99,148934.99,150166.77,151829.89,146768.59,137280.29,140167.57,138568.0,134610.18,129251.71,127080.04,128506.45,130106.97,130951.94,129180.06,123451.26,113072.05,40728950704.6176,29859921158.8696,34805013229.572,40866748705.1075,47850203856.1751,60147174076.8651,67387788632.9812,62180159376.1239,66807429711.411,65173130995.2212,61828166496.0941,67808032979.5429,82196001050.7474,100090467581.268,119814434353.575,137143471328.274,156264095664.643,190183800884.018,236816485762.988,207434296805.33,209069940963.177,229562733398.948,208857719320.649,211685616592.931,209358834156.329,188033050459.881,196272068576.338,218628940951.675,248950103352.137,252498032247.163,245339322066.759,Developed
Denmark,DNK,NorthernEurope,71820.94,82433.0,76517.58,78670.86,82598.77,79748.73,92928.69,83411.41,79455.94,76824.89,72662.45,74398.11,73871.15,79006.62,73060.07,68748.18,76500.41,71880.27,68291.35,65544.86,65857.45,60652.62,56058.81,57779.39,53608.9,50834.62,52906.15,50773.91,50726.02,46941.67,44483.8,138247285815.855,139224688814.195,152915654478.885,143195627014.605,156162386724.523,185006881515.065,187632346387.984,173537647058.824,176991934992.837,177965188354.692,164158739097.623,164791442543.375,178635163717.431,218096033517.009,251373002954.382,264467336457.17,282884947702.966,319423424509.066,353361038818.383,321241303699.006,321995279401.502,344003137611.271,327148943812.137,343584391647.927,352993631617.708,302673070846.857,313115929314.339,332121063806.391,356841216410.068,347561349210.979,356084867685.639,Developed
Estonia,EST,NorthernEurope,40276.36,37402.71,27215.51,21751.65,22225.02,20063.92,21007.74,20719.25,18992.04,17829.24,17453.34,17888.0,17300.08,19233.28,19362.26,19140.62,18490.05,22046.44,19941.84,16508.26,21111.6,21079.73,19962.93,21865.08,21040.76,17972.59,19603.13,20896.11,20030.1,14537.85,11407.08,4502970889.06373,4502970889.06373,4502970889.06373,4502970889.06373,4502970889.06373,4502970889.06373,4786018988.16491,5154420649.23354,5674080542.88575,5756912265.75809,5686579747.53524,6254649538.98487,7367975887.72723,9874013098.46432,12145911801.2422,14106790200.2239,17022870405.2189,22449129482.617,24341678628.9732,19633031397.6104,19523477325.6235,23183616045.5168,23020466784.6112,25108615091.9884,26598657880.5486,22881558191.8523,24056487770.898,26857880621.935,30474612057.4484,31045591753.4901,30650285471.7215,Developing
Finland,FIN,NorthernEurope,71087.75,69041.45,67681.54,69915.16,75492.41,71743.59,77729.56,76409.31,72727.18,72048.01,70136.61,75474.78,77885.71,85490.37,81739.43,69704.7,81112.61,79441.35,71310.29,67693.58,75555.95,67815.56,62255.53,62700.93,58519.68,55009.24,57833.2,55030.87,55949.66,52726.08,47756.28,141438345513.917,127773856785.767,112532519246.084,89214114708.0254,103299943084.804,134189814814.815,132129174216.93,126912152101.707,134038718291.055,135218410398.466,125706651925.557,129421029082.774,139738377564.465,171274266365.688,197116960516.514,204809103345.355,216907539831.891,256052559540.104,284553976856.599,252496526813.004,249181190476.369,275243697751.011,258304834621.605,271285280621.373,274497230802.958,234440080998.273,240607907010.383,255016517537.983,275580448365.235,268508200125.49,269594831987.549,Developing
France,FRA,WesternEurope,540830.69,566897.43,557279.94,536244.46,528083.8,534172.16,552521.6,544943.58,559284.26,554358.77,548714.51,554283.26,548271.48,552609.45,552209.06,553899.48,543309.93,533554.38,528088.16,506882.1,511152.92,486264.33,488200.25,487905.8,456751.02,460283.69,462641.64,465262.15,447070.01,437646.63,398297.03,1269179616913.63,1269276828275.78,1401465923172.24,1322815612694.0,1393982750472.59,1601094756209.75,1605675086549.56,1452884917959.09,1503108739159.44,1492647560196.04,1362248940482.77,1376465324384.79,1494286655373.61,1840480812641.08,2115742488204.62,2196126103718.44,2318593651988.46,2657213249384.07,2918382891460.38,2690222283967.77,2642609548930.36,2861408170264.6,2683825225092.63,2811077725703.59,2852165760630.27,2438207896251.84,2471285607081.72,2588740901639.81,2789593979064.58,2728870246705.88,2630317731455.26,Developing
Germany,DEU,WesternEurope,1251224.78,1205064.58,1155625.64,1146306.67,1127792.57,1120660.81,1137868.95,1102187.36,1077604.05,1043180.83,1040191.83,1054869.07,1033037.86,1029390.01,1010291.14,984986.97,991897.36,964865.06,964974.32,898336.01,932379.13,907502.16,913347.73,933505.37,893394.42,896657.87,898559.81,881582.78,846171.19,794633.67,730922.69,1771671206875.68,1868945197407.19,2131571696931.75,2071323790370.28,2205074123177.05,2585792275146.72,2497244606186.64,2211989623279.95,2238990774702.68,2194204133816.32,1943145384190.16,1944107382550.34,2068624129493.69,2496128668171.56,2809187981127.39,2845802760850.64,2992196713084.93,3421229126745.14,3730027830672.33,3397791053070.3,3396354075663.73,3744408602683.94,3527344944139.83,3732743446218.92,3883920155292.26,3356235704119.75,3467498002104.33,3681732583768.5,3975347237442.99,3888326788627.44,3846413928653.71,Developed
Greece,GRC,SouthernEurope,103985.69,104006.31,105287.66,104828.03,107457.58,109581.12,112615.84,117470.46,122993.73,122985.87,126659.45,127731.03,127719.17,131569.0,132215.07,136748.14,133270.71,135855.39,132481.94,125261.39,119159.95,116179.12,112923.95,103262.34,99837.26,95965.29,92274.52,96110.32,92857.12,86153.27,75464.49,97891092003.4394,105143232379.884,116224672863.783,108809059155.767,116601801966.292,136878365936.167,145861612400.906,143157600149.757,144428172489.335,142540728744.939,130133845586.88,136191353914.989,153830946734.425,201924269751.693,240521261484.976,247783002114.165,273317736795.885,318497937311.799,354460802695.181,330000251458.739,296835346570.223,282625610892.477,242043151399.458,238839788899.338,235144949470.797,195604846736.019,193017030649.7,199350781053.185,211945897765.431,205144152830.847,188835201625.91,Developing
Hungary,HUN,EasternEurope,94985.02,88674.84,78847.28,79865.04,78750.64,77647.68,79804.3,78308.29,77784.49,78248.03,75378.31,77184.98,75478.63,78367.7,77192.05,76954.88,75660.29,74010.83,71954.6,65924.48,66533.79,64870.17,61557.12,58661.11,58993.14,62201.09,62696.22,65072.76,65033.64,64771.79,62965.32,34753569692.915,34753569692.915,38730585922.2189,40124916940.5945,43166678735.2183,46425677734.1435,46658755151.6017,47296952928.7561,48706787306.2574,49073380173.7159,47218405892.4258,53749989092.0197,67608919144.3684,85302003908.042,104141042625.791,113236711635.539,115751266695.185,140227560615.121,158374419641.016,131114229049.178,132231134158.608,141999960209.893,128857370476.631,135732595721.853,141078984816.675,125210324613.14,128636108315.474,143136245596.988,160586833778.457,163526491433.29,155808436238.487,Developed
Iceland,ISL,NorthernEurope,3682.04,3475.79,3409.12,3496.42,3424.41,3554.69,3615.81,3774.47,3907.36,4123.13,4154.23,4049.73,4143.91,4106.87,4210.92,4059.34,4619.42,4924.32,5307.8,5001.5,4906.35,4692.25,4686.9,4694.67,4687.52,4772.71,4715.54,4799.7,4870.41,4723.9,4521.06,6468736286.92707,6909730237.31997,7080981668.54633,6218581472.47468,6389460285.59828,7123633356.36565,7426081278.19549,7569666973.65322,8503693098.62271,8982047589.4895,9025660361.75842,8234846804.60582,9318395054.85934,11429333037.8443,13825302535.7699,16852963067.0496,17465318552.2941,21652505596.7528,18074622987.0185,13154414219.207,13751161917.7398,15221622925.9319,14751508133.5443,16125060515.3117,17867662177.8911,17517210519.0912,20793168030.9524,24728285177.4603,26267063757.5495,24857740445.0401,21718075725.2054,Developed
India,IND,SouthernAsia,1214248.0,1214248.0,1214248.0,1214248.0,1214248.0,1265834.4266666668,1317420.8533333333,1369007.28,1420593.7066666668,1472180.1333333333,1523766.56,1585072.514,1646378.468,1707684.422,1768990.3760000002,1830296.33,1891602.284,1952908.2380000001,2014214.192,2075520.1460000002,2136826.1,2253925.908333333,2371025.716666667,2488125.5250000004,2605225.3333333335,2722325.1416666666,2839424.95,2839424.95,2839424.95,2839424.95,2839424.95,320979026419.633,270105341879.226,288208430383.964,279296022987.919,327275583539.559,360281952716.797,392897054348.071,415867753863.874,421351477504.743,458820417337.807,468394937262.37,485441014538.638,514937948870.08,607699285433.872,709148514804.659,820381595512.902,940259888792.141,1216735441524.86,1198895582137.51,1341886602798.69,1675615335600.56,1823049927771.46,1827637859135.7,1856722121394.53,2039127446298.55,2103587813812.75,2294797980509.01,2651472946374.91,2701111782775.03,2870504096717.77,2660245248867.63,Developing
Indonesia,IDN,South-easternAsia,266818.39,292610.4,306828.59,318657.49,334191.21,370881.5883333334,407571.9666666667,444262.345,480952.7233333333,517643.1016666667,554333.48,537949.0,545911.0,559139.0,583101.0,590736.0,610242.0,607947.0,629710.0,628562.0,685711.0,726262.0,757250.0,796579.0,864948.0,907334.0,883224.0,883224.0,883224.0,883224.0,883224.0,106140727357.032,116621996217.133,128026966579.964,158006700301.533,176892143931.505,202132028723.115,227369679374.973,215748998609.635,95445547872.715,140001351215.462,165021012077.81,160446947784.909,195660611165.183,234772463823.808,256836875295.452,285868618224.017,364570514304.85,432216737774.861,510228634992.258,539580085612.401,755094160363.071,892969107923.094,917869910105.749,912524136718.018,890814755233.225,860854235065.079,931877364177.742,1015618742565.81,1042271531011.99,1119091259074.62,1058423838345.14,Developing
Iran,IRN,SouthernAsia,385433.3,385433.3,385433.3,385433.3,385433.3,401805.945,418178.58999999997,434551.235,450923.88,467296.52499999997,483669.17,483669.17,483669.17,483669.17,483669.17,483669.17,483669.17,483669.17,483669.17,483669.17,483669.17,483669.17,483669.17,483669.17,483669.17,483669.17,483669.17,483669.17,483669.17,483669.17,483669.17,124813263926.225,104456717028.154,84100170130.08301,63743623232.012,71841461172.5964,96419225743.6737,120403931885.441,113919163421.155,110276913362.508,113848450088.351,109591707802.216,126878750295.944,128626917503.72,153544751395.43,190043433964.841,226452138291.542,266298911661.144,349881601458.56,412336172446.849,416397025729.361,486807615326.147,580764902917.439,598868460912.847,460293149324.326,432687036177.818,384951479697.42,417983583565.54,445345256459.105,294356680624.658,258245497664.394,203471303952.344,Developing
Ireland,IRL,NorthernEurope,55642.84,56553.46,56589.56,57186.83,58593.62,60080.66,62245.17,63683.62,66292.46,67523.41,69712.38,71814.45,69975.2,70468.5,69723.02,71531.48,71019.46,69874.87,69330.44,63528.26,63032.16,58852.53,59939.51,59711.61,59220.74,61724.03,64005.36,63424.53,63734.11,61165.04,59056.3,49305632408.4929,49787501584.4847,55918538121.3989,52417477613.676,57097656065.96,69139823232.3232,75790786290.3226,82856648758.3572,90199410115.5097,98860565736.2029,99958806891.4686,109252057270.694,127985972143.798,164307961625.282,194015335237.149,211797991543.34,231986253920.462,269736375581.714,274326912260.144,235509465129.203,221659742984.75,238662833333.918,225509709550.982,238211547205.677,258625192663.58,291462799328.949,298725229419.215,334602299873.029,384853685231.018,399122063504.148,425888950992.003,Developed
Israel,ISR,WesternAsia,57653.0,57653.0,57653.0,57653.0,57653.0,57653.0,57653.0,60030.46525,62407.9305,64785.39575,67162.861,67879.41666666667,68595.97233333334,69312.528,69588.859,70182.445,71559.941,74738.488,76143.135,72457.544,75241.032,77722.493,83374.955,77818.169,75535.869,78734.181,78619.091,77831.1,78286.029,79171.399,77674.844,100605702520.506,100605702520.506,100605702520.506,100605702520.506,100605702520.506,100605702520.506,110180666416.017,114753492201.542,115999082655.72,117166318090.683,132455662080.298,130816321183.156,121148475241.673,127046633802.508,135571348058.902,142657069099.984,154145495309.484,179161786957.474,216711549609.81,207953439208.606,234654589559.973,262293871093.061,258417104163.53,294167366504.266,310944937638.436,300078278118.434,319024417316.889,355277223507.485,373641241440.789,397934596952.56,407100736594.064,Developing
Italy,ITA,SouthernEurope,521480.34,522696.67,521991.35,515159.96,509371.39,535653.71,530375.91,538111.37,550585.99,556140.38,559978.14,561839.95,567753.08,587247.89,592903.42,594197.38,584053.07,578814.48,566242.97,511654.99,523465.7,510854.61,491949.91,456475.72,435399.33,445735.65,442962.28,437340.98,433630.91,422276.17,384969.88,1181222653522.95,1246220156079.29,1320161644933.23,1064958075550.63,1099216688280.5,1174662070605.02,1312426527795.21,1241879604365.62,1270052525928.4,1252023758789.69,1143829832319.88,1167012796420.58,1270712309429.7,1574145823927.77,1803226967966.23,1857524312896.41,1947919708944.93,2210292636189.43,2398856598798.89,2191241872742.43,2134017843247.16,2291991045770.29,2087077032435.15,2141315327318.21,2159133919743.77,1835899237320.04,1875797463583.87,1956950469673.29,2090910879119.33,2009383867307.45,1888709443687.48,Developed
Japan,JPN,EasternAsia,1269334.03,1283796.29,1295612.02,1291392.14,1352429.76,1373818.25,1386747.6,1378810.24,1330304.19,1353662.4,1373303.42,1347561.43,1371613.88,1378452.03,1369829.3,1377463.88,1356080.25,1391300.26,1318507.42,1246549.62,1300046.75,1350741.14,1393594.16,1405350.42,1356511.02,1317836.2,1300146.77,1286736.26,1242715.71,1207742.42,1144932.5,3132817652848.04,3584420077100.84,3908809463463.86,4454143876947.21,4998797547740.97,5545563663889.7,4923391533851.63,4492448605638.94,4098362709531.24,4635982224063.88,4968359075956.59,4374711694090.87,4182846045873.61,4519561645253.53,4893116005656.56,4831467035389.8,4601663122649.92,4579750920354.81,5106679115127.3,5289493117993.89,5759071769013.11,6233147172341.35,6272362996105.03,5212328181166.18,4896994405353.29,4444930651964.18,5003677627544.24,4930837369151.42,5036891740656.35,5148781948478.17,5057758958706.64,Developed
Kazakhstan,KAZ,CentralAsia,386682.79,374535.98,351663.68,318608.87,273342.82,260567.69,247873.01,244367.64,252975.04,224661.18,260434.12,247386.51,263995.37,278029.52,282922.77,287466.39,301694.79,303873.68,300707.92,294889.26,315855.51,306112.27,311685.57,320869.54,342321.12,346827.11,346787.34,366656.8,383836.57,352690.65,333970.96,26932729102.7371,24923076923.0769,24917355371.9008,23409260879.9427,21250792886.1054,20374302652.3819,21035368250.8881,22165932062.966,22135254836.0031,16870821839.7584,18291994909.0044,22152694161.8882,24636593223.3467,30833699702.7594,43151647002.6096,57123671733.8952,81003884545.4099,104849886825.584,133441612246.798,115308661142.927,148047348240.643,192626507971.584,207998568865.789,236634552078.102,221415572819.5,184388432148.715,137278320084.171,166805800595.704,179339994859.384,181667190075.541,171082379532.988,Developing
Korea,KOR,EasternAsia,292105.06,315352.61,343354.15,378545.97,403568.61,433787.92,470280.3,501912.25,431434.46,469414.83,502730.45,516008.72,538458.07,548808.43,557058.76,561521.94,567057.02,580468.84,594047.09,598040.34,656119.74,684756.04,688043.7,697297.56,692088.95,692626.49,693687.73,710645.38,726977.59,701213.74,656222.88,283367525714.932,330648530715.211,355525267405.367,392666101884.959,463617399962.661,566583427334.137,610169556840.077,569754543829.957,383330931042.356,497512659612.052,576178114168.494,547658231279.87,627246081417.004,702717332012.991,793175007858.066,934901071332.984,1053216909887.56,1172614086539.86,1047339010225.25,943941876218.743,1144066965324.49,1253223044718.99,1278427634342.59,1370795199976.18,1484318219633.63,1465773245547.15,1500111596236.37,1623901496835.79,1724845615629.26,1651422932447.77,1637895802792.9,Developing
Latvia,LVA,NorthernEurope,26022.7,24132.74,19362.02,15905.35,13958.3,12589.83,12639.33,12080.47,11576.37,10790.4,10167.78,10760.03,10727.99,10921.16,10862.71,11020.37,11489.43,11935.99,11475.38,10790.56,11857.88,11066.32,10884.33,10800.43,10712.58,10744.79,10742.11,10776.1,11272.33,11131.87,10483.14,5789128636.62293,5789128636.62293,5789128636.62293,5789128636.62293,5789128636.62293,5789128636.62293,5975248851.45482,6527926445.6811,7166275467.65161,7533788133.55753,7958852838.93395,8362398701.58943,9557031605.27512,11771975156.8073,14435700533.368,17003459863.0989,21570076498.6205,31054350977.9784,35854274228.9139,26410909090.9091,23956163076.5575,27474380566.265,28169902669.3784,30204783461.8488,31345148670.5896,27252128626.6281,28064533352.2849,30408509601.8003,34412210812.2783,34308783825.3019,33707320816.3036,Developed
Lithuania,LTU,NorthernEurope,48134.54,50100.69,31026.93,24901.78,23515.74,22486.04,23469.12,23021.51,23912.69,21098.26,19493.65,20266.18,20626.07,20792.93,21592.72,22439.8,22756.1,24730.03,23832.42,19826.13,20741.77,21104.52,21085.98,19954.61,19857.26,20155.06,20220.17,20344.85,20013.48,20244.64,20165.73,7867140395.33705,7867140395.33705,7867140395.33705,7867140395.33705,7867140395.33705,7867140395.33705,8382519637.46224,10118631851.5322,11239547690.9797,10971583944.7561,11524776866.6379,12237388001.7264,14259781159.0119,18781721376.1985,22627507451.5648,26097677571.8373,30183575103.5262,39697891351.9431,47797551587.8823,37388122046.1496,37128694028.243,43535051482.3869,42927454291.478,46523420074.4372,48533659592.1728,41418872976.1196,43018087237.5741,47640770634.427,53724663842.5623,54697379017.3332,56546957475.4912,Developed
Luxembourg,LUX,WesternEurope,12722.41,13353.28,13118.29,13281.35,12447.63,10078.52,10141.47,9494.7,8590.88,9051.27,9635.0,10137.26,10915.32,11366.76,12740.93,12993.83,12824.48,12236.27,12126.21,11584.16,12159.05,12040.48,11804.17,11281.31,10785.44,10313.87,10077.82,10259.74,10563.28,10739.99,9029.9,12778792853.6939,13834219728.293,15518702634.8808,15925521222.0149,17701798890.7644,20853093869.7318,20895314657.9805,19563836265.2233,20150053345.1878,21891923076.9231,21177470978.4411,21369028187.9195,23537637869.377,29601904063.2054,35000480506.5806,37658234050.4912,42874225316.7733,51521903914.5907,58604890874.469,54252213114.7541,56159192758.3285,61615545000.3597,59779802783.3455,65184744717.028,68713294386.2129,60047430684.2639,62174650367.2216,65549868206.9418,71250208995.6425,70195715495.5136,73353132793.7076,Developed
Malta,MLT,SouthernEurope,2626.43,2480.07,2513.11,3115.81,2894.13,2691.06,2781.81,2813.49,2787.66,2845.11,2749.71,3025.99,3046.79,3269.04,3176.08,2997.66,3052.24,3139.83,3019.89,2885.26,2962.33,2961.06,3126.27,2799.15,2807.21,2129.16,1846.96,2028.38,2037.8,2149.93,2111.86,2547163582.33149,2750041434.26295,3021910216.71827,2709178326.78271,2998570146.54095,3720400535.01945,3822882801.33397,3793418418.41842,4010571223.3396,4121350731.81231,4069515579.07114,4088368978.34589,4470446391.44639,5448415500.17071,6098092551.07125,6416184181.07201,6778324049.68009,7925371475.49959,9090406767.24769,8696366907.4743,9035932122.49768,9638916481.06904,9462238211.48657,10551661176.7831,11626281387.0068,11091434483.5238,11721521912.7202,13221298307.8894,14864712990.1631,15215714309.0974,14647384607.604,Developed
Mexico,MEX,CentralAmerica,467413.12,477528.93,479929.69,483660.29,513962.0,503565.25,521689.45,551984.37,577829.13,569142.31,587814.41,583999.14,606421.94,606865.07,626816.97,636926.16,653275.45,687425.94,736252.57,721705.01,719697.3,737876.95,722401.9,735453.19,734998.19,745778.83,785540.39,757106.36,765600.79,736629.57,736629.57,261253582805.945,313142768453.485,363157598242.27,500736065605.341,527813238126.278,360073909243.855,410975595310.156,500413483109.175,526502129378.284,600232874042.927,707906744574.644,756706300589.791,772106378935.377,729336319677.449,782240601984.76,877476221382.101,975387131716.089,1052696282278.87,1109989063586.62,900045350649.351,1057801295584.05,1180489601957.61,1201089987015.45,1274443084716.57,1315351183524.54,1171867608197.72,1078490651625.31,1158913035796.37,1222408203104.3,1269433932805.91,1073915880822.5,Developing
Monaco,MCO,WesternEurope,102.46,103.31,108.96,108.11,108.8,105.44,109.23,107.85,106.95,108.16,106.29,106.73,107.11,104.09,98.86,97.74,93.3,93.12,93.8,90.15,87.76,86.3,89.13,91.13,85.2,88.21,86.43,83.33,86.67,83.01,69.76,2481316053.96507,2480598883.85071,2737192565.05576,2574302409.08038,2720310018.90359,3130462610.06703,3137673291.44762,2840175545.06631,2934498443.40672,2906093756.65885,2647885848.5351,2718868306.01093,2968987019.23077,3601321064.55266,4137913500.0,4203084193.50827,4582988332.70606,5867916780.72817,6476490405.74191,5451653237.01028,5367625613.15127,6088808463.25167,5743029680.07195,6555983530.34932,7069616048.89066,6261622101.40908,6472990923.1791,6431314957.07185,7194024563.06094,7383745662.15157,6816219303.25528,Developing
Netherlands,NLD,WesternEurope,221781.04,229711.99,230151.1,230464.25,231199.86,231305.57,241662.09,233328.5,233540.16,221071.12,219454.92,220583.2,218256.53,218993.83,220479.0,214666.95,209523.76,208077.85,207941.41,202300.72,214236.64,199922.92,195581.75,195278.02,187053.58,194015.91,194644.49,191991.17,186759.63,180936.87,164367.79,318330511920.61,327500327675.625,362962872180.451,353550169672.52,379130260322.073,452301674444.139,450490196078.431,416812740004.518,438008220395.468,446898572341.786,416442786069.652,431213422818.792,471613965744.401,578792325056.433,657171591755.649,685092650167.89,733340860619.747,847481522036.682,947997656364.435,868077243678.8,846554894931.084,904085980796.018,838971306990.906,876923518850.405,890981311077.658,765264949780.999,783528181704.567,831809944960.879,913597086062.599,910194347568.626,913865395789.886,Developed
New Zealand,NZL,Oceania,64720.07,65688.43,66834.98,66693.83,67859.23,68394.7,70551.54,73381.52,71186.87,72975.47,74850.47,77755.79,77682.44,79827.39,79669.24,81752.18,81773.36,79673.33,79350.4,76647.31,77328.02,77106.15,79086.91,78430.01,79212.63,79036.99,76930.22,78511.4,78776.3,79989.79,77330.66,45495129385.0475,42745329732.163,41649829859.6342,46775620817.4327,55314732279.1379,63918703506.9075,70140835299.0148,66075143415.4952,56227169851.0448,58762260625.8758,52623281956.7031,53872425916.6248,66627729311.4495,88250885550.2626,103905210084.034,114720129550.095,111538810712.665,137188946865.584,133131369930.414,121373602348.679,146517541181.254,168291357111.739,176206659722.524,190906575136.003,201313497220.917,178064471137.921,188943457301.474,206950600690.395,212225726657.864,212891048340.608,210700848973.509,Developed
Norway,NOR,NorthernEurope,50712.45,48339.04,46706.77,48598.68,50502.11,50834.46,53717.34,53693.41,53765.44,54741.37,54074.16,55298.62,54172.91,54947.55,55427.98,54471.72,54568.94,56272.87,54881.82,52541.06,54925.06,53999.15,53380.67,53615.08,53906.7,54362.82,53447.03,52678.81,52702.97,50958.22,49214.64,119791683307.507,121872464483.487,130838040067.584,120579072750.596,127131461119.927,152029612324.788,163520109150.671,161356631888.484,154163364302.66,162284465073.341,171247131268.604,173972218824.027,195524186477.617,228858506821.841,264511630666.983,308884284051.222,345581369965.54,400937100158.657,462250000000.0,386190385318.767,428757038466.841,498283438454.281,509506317146.541,522761531914.894,498410050251.256,385801550067.169,368827142857.143,398393955268.99,436999692591.454,404941363636.364,362198318435.26,Developed
Peru,PER,SouthAmerica,57582.87,57582.87,57582.87,57582.87,57582.87,58351.67333333334,59120.47666666667,59889.28,60658.083333333336,61426.88666666667,62195.69,63262.206000000006,64328.722,65395.238000000005,66461.754,67528.27,70821.796,74115.322,77408.848,80702.374,83995.9,84290.575,84585.25,88251.97,91918.69,94110.785,96302.88,96302.88,96302.88,96302.88,96302.88,26410386669.3609,34341465998.2003,35966302303.263,34832077220.8537,44882079766.8913,53312793687.3836,55252414130.3019,58147522522.5225,55501467877.381,50187324567.883,51744749133.213,52030158775.4055,54777553515.0809,58731030121.8671,66768703497.5687,76060606060.6061,88643193061.748,102170981144.136,120550599815.441,120822986521.479,147528937028.778,171761737046.585,192648999090.082,201175469114.327,200789362451.567,189805300841.603,191895943823.887,211007207483.515,222574697255.522,228470919605.669,202014363787.233,Developing
Poland,POL,EasternEurope,474554.32,463180.04,450856.64,450937.34,444827.53,446731.87,460383.54,450012.33,419389.77,407531.8,393992.73,392522.97,382301.82,395538.58,400799.43,400708.69,415341.3,414652.83,407857.18,389826.82,407236.96,405798.76,397900.73,393881.54,381064.72,383395.33,394315.27,409003.18,409003.95,386386.36,371312.43,65977749036.9844,85500935934.9901,94337050693.2727,96045645026.178,110803391516.698,142292783505.155,160193242090.427,159357789772.207,174685791563.561,170031005016.259,172219461126.067,190905493539.168,199072058823.529,217827260805.842,255110181539.808,306144336269.51,344622003093.581,429028505365.078,533609081852.897,439737508413.192,479834179020.33,528301269069.799,498523568248.119,521016262734.924,542477096211.761,477811911394.084,472630364208.177,526508877305.321,587411745161.558,597280564671.563,596624355719.671,Developed
Portugal,PRT,SouthernEurope,59473.35,61397.49,65243.11,63745.47,64652.63,69306.34,67012.82,70199.5,75058.7,83168.64,82420.02,81939.94,86394.95,81299.15,84520.57,86489.22,81649.47,79325.45,76900.51,73810.11,69529.86,68058.17,66076.81,64156.75,64041.76,68178.64,66351.94,71404.0,67764.99,64115.51,58029.35,78713860216.5659,89233599278.4792,107592098307.098,95009751901.2592,99688641304.3478,118122007430.012,122630089680.27,117016535162.95,123946327916.296,127427343916.471,118310710337.203,121498889485.459,134156091661.961,164862142212.19,189034502110.752,197180330804.626,208581694893.991,240190803449.22,262344779551.78,243701635176.438,237880908317.652,244797226567.109,216236608773.976,226369502104.236,229596170846.995,199313894327.486,206286022781.894,220811110492.149,242194788533.537,239986922638.902,228539245045.341,Developed
Romania,ROU,EasternEurope,257137.18,210408.33,194856.67,184393.87,181845.46,188741.81,191736.16,185152.59,168185.19,150290.07,142238.31,145982.34,147998.76,153862.7,152121.61,151327.1,152350.5,155930.78,152897.56,131293.87,126669.91,132871.07,130693.31,118721.67,118214.81,117099.81,115310.16,118358.66,119236.8,115762.75,112036.04,38995454545.4545,28998684210.5263,25121666666.6667,26362894736.8421,30074440483.3837,37435317265.1254,36937074278.3004,35574916294.6429,41694118972.5101,35952781582.2083,37253259016.9976,40394824679.1232,46066101951.2933,57806506024.0964,74972669056.5922,98452791982.7024,122022997508.01,174585202805.233,214313628965.024,174103695930.213,166309355234.589,183326740143.016,170635805316.879,190801346194.297,199959363430.073,177729210874.504,188128818486.401,211695422578.655,241457403085.042,249881592298.072,248715551366.635,Developed
Russia,RUS,EasternEurope,3166579.05,3005319.4,2524618.04,2385612.0,2122812.4,2070711.49,2019459.81,1901804.21,1870018.31,1900503.72,1895001.38,1928619.95,1908501.87,1940117.8,1952617.16,1970602.69,2030163.08,2030122.26,2059490.29,1925038.18,2019393.43,2076058.19,2100946.52,2041805.21,2037643.31,2033334.96,2033968.36,2082644.32,2145241.38,2136517.95,2061361.89,516814274021.956,517962962962.963,460290556900.726,435083713850.837,395077301248.464,395537185734.854,391724890744.498,404928954191.876,270955486862.442,195907128350.934,259710142196.943,306602070620.5,345470494417.863,430347770731.787,591016690742.798,764017107992.391,989930542278.695,1299705764823.62,1660846387624.78,1222644282201.86,1524917468442.01,2045925608274.37,2208295773643.15,2292473246621.08,2059241965490.83,1363481063446.77,1276786979221.81,1574199387070.9,1657328865709.99,1687448525466.61,1483497784867.6,Developing
Saudi Arabia,SAU,WesternAsia,165268.97,178348.06,191427.15,204506.24,217585.33000000002,230664.41999999998,243743.51,256822.6,269901.69,282980.78,296059.87,318987.098,341914.326,364841.554,387768.782,410696.01,433623.238,456550.466,479477.694,502404.922,525332.15,536797.3500000001,548262.55,548262.55,548262.55,548262.55,548262.55,548262.55,548262.55,548262.55,548262.55,117630271802.48,132223268491.322,137087876662.216,132967901415.22,135174886488.652,143343036341.789,158662398744.993,165963557409.88,146775498080.0,161716960000.0,189514926213.333,184137469733.333,189605920240.0,215807655253.333,258742263040.0,328459700114.755,376900135727.637,415964583055.37,519796738640.0,429097899280.0,528207332640.0,671238840106.667,735974843360.0,746647127413.333,756350347333.333,654269902880.0,644935541440.0,688586244293.333,786521831573.333,792966838160.0,700117873253.333,Developing
Slovak Republic,SVK,EasternEurope,73738.67,64343.41,58624.79,55242.88,52686.66,53179.97,52997.96,52819.66,52118.31,50854.29,48986.21,51256.63,49870.15,49973.5,50679.97,50666.31,50444.97,48699.38,49214.16,44955.41,45766.63,44839.9,42451.37,42131.22,40140.2,40869.58,41318.67,42419.28,42276.43,39955.73,37187.89,12747380650.0762,14272201755.4704,15495514296.8042,16520676973.5301,20162936291.375,25840146405.2288,27925036755.3866,27706028095.6157,29856000671.216,30453383763.0514,29169953012.7142,30752150335.5705,35130340673.8189,46816589164.7856,57332015147.7527,62785305310.2848,70708098105.6329,86454081576.7862,100469509301.304,89046289247.0131,90712671900.5229,99362720493.6429,94258572686.2287,98541305462.1038,100954719362.24,88601289843.0917,89614053143.7939,95157888666.9967,105561218935.334,105284375640.698,105172564491.569,Developed
Slovenia,SVN,SouthernEurope,18797.65,17447.82,17432.26,17667.82,18082.34,18863.25,19463.62,20003.94,19600.93,18985.92,18769.38,20040.57,20318.61,19987.83,20386.44,20643.29,20833.67,21020.41,21743.29,19566.6,19797.93,19716.01,19083.14,18382.0,16726.12,16912.47,17790.03,17870.43,17689.13,17204.83,15974.78,21352224019.4096,21352224019.4096,21352224019.4096,21352224019.4096,21352224019.4096,21352224019.4096,21507232648.7252,20763101740.6963,22146231967.6861,22711384311.1404,20289627636.6767,20876309970.385,23489890274.3142,29634713641.0968,34414784504.2352,36206395970.6504,39481045038.2637,48006372844.2376,55552509154.8264,50368056404.5568,48161250405.2468,51516366654.8197,46580457470.2769,48401896808.3064,49930685013.4603,43090173394.6913,44736333522.4522,48469082710.3089,54137142149.4799,54178877605.9999,53589609580.7099,Developed
South Africa,ZAF,SouthernAfrica,347349.36,355471.31,363593.26,371715.20999999996,379837.16,379837.16,379837.16,379837.16,379837.16,379837.16,379837.16,379837.16,379837.16,379837.16,379837.16,379837.16,379837.16,379837.16,379837.16,379837.16,379837.16,379837.16,379837.16,379837.16,379837.16,379837.16,379837.16,379837.16,379837.16,379837.16,379837.16,115552349036.929,123943432441.241,134545231416.55,147196639471.188,153512625915.287,171735223677.318,163236785802.34,168976663845.486,152982541794.042,151516560274.982,151753369491.916,135429607036.658,129088132201.846,197020241490.079,255806631391.551,288868489078.987,303860874149.007,333075462599.71,316132138757.081,329753048857.052,417365076968.257,458201514136.977,434400545085.811,400886013595.573,381198869776.106,346709790458.563,323585509674.481,381448814653.456,404842116738.074,387934574098.17,335442101366.417,Developing
Spain,ESP,SouthernEurope,287710.27,295442.8,304833.84,294733.41,310885.53,327011.05,318543.26,332619.65,342182.98,368362.64,383276.36,382042.84,400722.45,407928.77,423589.74,438759.63,432096.73,442831.8,409174.52,369811.13,354652.28,354632.15,347509.27,320452.33,321937.43,333623.41,321649.7,334703.52,328905.09,309814.17,272244.36,536558591250.408,577166174539.632,630916018202.503,525075636030.854,530562634455.347,614609020549.773,642588992512.807,590077272727.273,619214834614.099,634693160025.57,596877648793.072,627286800894.855,705394315829.098,905492099322.799,1067093369754.16,1153285660987.44,1259343871534.31,1472131125102.66,1625224842536.99,1485583495415.39,1420722034063.0,1478772824224.03,1324820091194.67,1354757433212.72,1369398844599.58,1195119269971.52,1232076017361.53,1309297246509.31,1420300232663.59,1393046093137.25,1281484640043.58,Developed
Sweden,SWE,NorthernEurope,71478.31,71587.78,71252.64,71468.07,73940.3,73326.17,77239.0,72345.72,72734.23,69602.79,68349.11,69128.53,69735.21,70071.46,69410.33,66540.93,66183.72,65034.88,62627.99,58395.26,64375.65,60012.26,57108.55,55473.55,53729.41,53557.22,53468.25,52562.66,51784.17,50607.24,46214.03,261846194498.885,274229034311.699,284321115594.629,212953336588.123,229033566614.826,267305875261.099,291743811512.079,268146144677.73,270809066780.714,274072182416.731,262835454366.855,242395852494.409,266849061835.659,334337212322.076,385118044877.465,392218088878.779,423093437423.762,491252589217.021,517706149201.196,436537014293.554,495812558843.31,574094112972.733,552483727282.802,586841821796.891,581964017237.095,505103781349.757,515654671469.547,541018749769.097,555455371487.089,533879529188.454,541220059459.25,Developed
Switzerland,CHE,WesternEurope,54933.88,56818.26,56567.9,53980.31,52929.34,53818.43,54468.39,53252.24,54784.06,54585.79,53839.34,55364.28,53808.3,54870.36,55465.75,56089.86,55758.81,53816.99,55211.17,53726.26,55306.85,51186.29,52516.28,53361.84,49425.48,48903.48,49211.98,48245.13,46741.17,46470.47,43789.74,265987061618.198,269127820781.032,280156819798.037,272466458446.129,301628489434.818,353132515010.571,340471241909.385,295121356714.67,303882354117.809,298520480628.412,279841151705.353,287226531168.523,310175772488.13,363063293977.872,405531321270.607,420544947799.55,443801905407.561,493537376707.764,570304197211.707,558199868578.256,603434493402.679,722038242134.62,692109693986.886,712748124222.61,734396591036.932,702149580770.901,695600652899.283,704478516963.855,735539301552.674,731767398052.879,752248045730.11,Developed
TÃ¼rkiye,TUR,WesternAsia,219526.15,226794.72,233132.48,240771.75,234387.83,248248.91,267581.39,278813.84,280318.96,277776.8,298916.75,279740.14,285623.37,304794.79,314423.57,337575.0,358002.53,391697.01,388494.56,395177.14,398793.16,428617.59,448184.46,440195.3,459489.51,474967.53,501107.91,528565.93,523108.03,508725.87,523990.82,150676291094.21,150027833333.333,158459130434.783,180169736363.636,130690172297.297,169485941048.035,181475555282.555,189834649111.257,275967393939.394,256385525071.633,274302959053.103,201751148417.102,240253216295.117,314592428076.487,408876042651.701,506308311476.63,557057829051.453,681337335021.874,770462156204.38,649272568774.193,776992599946.766,838762755164.179,880556375779.51,957783020853.031,938952628604.067,864316670330.882,869692960365.551,858996263095.858,778471901665.148,761004425605.414,719954821683.31,Developing
Ukraine,UKR,EasternEurope,942800.47,856425.62,801274.59,711081.21,604913.19,562107.58,515421.5,499632.65,480913.02,449769.06,427917.24,445990.66,431034.49,440311.78,443118.43,442402.01,460035.64,463415.36,451145.48,390533.09,407345.75,428749.0,417831.8,409243.16,362747.72,319166.58,337606.15,323286.59,339815.24,334118.11,318034.95,81393535306.2736,76646767653.13681,71900000000.0,65607522123.8938,52543387167.1759,48214751923.5872,44558075977.0429,50150400171.8859,41883241477.8526,31580960681.7742,32375280320.5765,39309580983.2282,43956369917.0202,52010238715.8475,67220154164.3166,89239370109.4698,111884752475.248,148733861386.139,188111140643.985,121552777492.556,141209864408.488,169333048847.834,182592416468.527,190498811460.028,133503411375.739,91030959454.6961,93355993628.5042,112090530368.543,130891049796.879,153882982016.281,155498989149.587,Developing
United Kingdom,GBR,NorthernEurope,806301.84,815170.02,794899.52,775932.8,763724.11,757644.22,778384.73,754225.94,752806.84,723801.61,723919.58,727063.54,705879.64,711313.29,707930.97,699595.39,692195.48,680031.35,658727.31,601900.31,615724.59,570233.52,586328.48,572040.66,531430.16,513880.19,488309.31,476874.21,467869.95,453233.65,408965.08,1093169389204.55,1142797178130.51,1179659529659.53,1061388722255.55,1140489745944.29,1346422597443.59,1421514820592.82,1559569417157.83,1653391851606.49,1685762821549.91,1662127402027.54,1643908161796.46,1784076738609.11,2057093877551.02,2421814353716.59,2544829090909.09,2717059797608.1,3106182472989.2,2938882352941.18,2425798410967.44,2491110093454.18,2674891473843.81,2719158341005.79,2803291406029.93,3087165602962.86,2956573778737.76,2722851958486.23,2699016715111.39,2900791442554.06,2878673912414.44,2759804061837.07,Developed
United States,USA,NorthernAmerica,6487330.95,6418406.19,6534880.13,6639525.5,6745166.79,6821933.72,7023529.63,7079206.86,7124684.27,7169885.43,7369162.97,7253522.31,7293277.74,7352702.36,7464364.92,7477358.36,7407921.5,7511447.96,7294541.72,6840741.54,7058197.91,6907203.24,6670533.53,6841661.09,6898525.6,6737358.64,6578432.36,6561824.44,6754831.65,6617916.88,6025973.61,5963144000000.0,6158129000000.0,6520327000000.0,6858559000000.0,7287236000000.0,7639749000000.0,8073122000000.0,8577554457000.0,9062818202000.0,9630664202000.0,10252345464000.0,10581821399000.0,10936419054000.0,11458243878000.0,12213729147000.0,13036640230000.0,13814611414000.0,14451858656000.0,14712844084000.0,14448933025000.0,14992052727000.0,15542581104000.0,16197007349000.0,16784849196000.0,17527163695000.0,18238300569000.0,18745075687000.0,19542979183000.0,20611860934000.0,21433224697000.0,20953030000000.0,Developed
